spectrogram_filename,true_species_id,pred_species_id,pred_correct
OS_7_05_2019_08_24_00__1001_pos.png,1.0,1,1
OS_7_05_2019_08_24_00__1003_pos.png,1.0,1,1
OS_7_05_2019_08_24_00__1004_pos.png,1.0,1,1
OS_7_05_2019_08_24_00__1006_pos.png,1.0,1,1
OS_7_05_2019_08_24_00__1008_pos.png,1.0,1,1
OS_7_05_2019_08_24_00__100_pos.png,1.0,1,1
OS_7_05_2019_08_24_00__1010_pos.png,1.0,1,1
OS_7_05_2019_08_24_00__1014_pos.png,1.0,1,1
OS_7_05_2019_08_24_00__1015_pos.png,1.0,1,1
OS_7_05_2019_08_24_00__101_pos.png,1.0,1,1
OS_7_05_2019_08_24_00__103_pos.png,1.0,1,1
OS_7_05_2019_08_24_00__1041_pos.png,1.0,1,1
OS_7_05_2019_08_24_00__1044_pos.png,1.0,1,1
OS_7_05_2019_08_24_00__1047_pos.png,1.0,1,1
OS_7_05_2019_08_24_00__1049_pos.png,1.0,1,1
OS_7_05_2019_08_24_00__1051_pos.png,1.0,1,1
OS_7_05_2019_08_24_00__1063_pos.png,1.0,1,1
OS_7_05_2019_08_24_00__1065_pos.png,1.0,1,1
OS_7_05_2019_08_24_00__1067_pos.png,1.0,1,1
OS_7_05_2019_08_24_00__1069_pos.png,1.0,1,1
OS_7_05_2019_08_24_00__1070_pos.png,1.0,1,1
OS_7_05_2019_08_24_00__1072_pos.png,1.0,1,1
OS_7_05_2019_08_24_00__1075_pos.png,1.0,1,1
OS_7_05_2019_08_24_00__1077_pos.png,1.0,1,1
OS_7_05_2019_08_24_00__1080_pos.png,1.0,1,1
OS_7_05_2019_08_24_00__1082_pos.png,1.0,1,1
OS_7_05_2019_08_24_00__1083_pos.png,1.0,1,1
OS_7_05_2019_08_24_00__108_pos.png,1.0,1,1
OS_7_05_2019_08_24_00__1093_pos.png,1.0,1,1
OS_7_05_2019_08_24_00__109_pos.png,1.0,1,1
OS_7_05_2019_08_24_00__1101_pos.png,1.0,1,1
OS_7_05_2019_08_24_00__1106_pos.png,1.0,1,1
OS_7_05_2019_08_24_00__1108_pos.png,1.0,1,1
OS_7_05_2019_08_24_00__110_pos.png,1.0,1,1
OS_7_05_2019_08_24_00__1112_pos.png,1.0,1,1
OS_7_05_2019_08_24_00__1114_pos.png,1.0,1,1
OS_7_05_2019_08_24_00__111_pos.png,1.0,1,1
OS_7_05_2019_08_24_00__1137_pos.png,1.0,1,1
OS_7_05_2019_08_24_00__113_pos.png,1.0,1,1
OS_7_05_2019_08_24_00__1143_pos.png,1.0,1,1
OS_7_05_2019_08_24_00__1150_pos.png,1.0,1,1
OS_7_05_2019_08_24_00__1151_pos.png,1.0,1,1
OS_7_05_2019_08_24_00__1155_pos.png,1.0,1,1
OS_7_05_2019_08_24_00__1159_pos.png,1.0,1,1
OS_7_05_2019_08_24_00__115_pos.png,1.0,1,1
OS_7_05_2019_08_24_00__1162_pos.png,1.0,1,1
OS_7_05_2019_08_24_00__1166_pos.png,1.0,1,1
OS_7_05_2019_08_24_00__1168_pos.png,1.0,1,1
OS_7_05_2019_08_24_00__1173_pos.png,1.0,1,1
OS_7_05_2019_08_24_00__1179_pos.png,1.0,1,1
OS_7_05_2019_08_24_00__1182_pos.png,1.0,1,1
OS_7_05_2019_08_24_00__1188_pos.png,1.0,1,1
OS_7_05_2019_08_24_00__1189_pos.png,1.0,1,1
OS_7_05_2019_08_24_00__118_pos.png,1.0,1,1
OS_7_05_2019_08_24_00__1193_pos.png,1.0,1,1
OS_7_05_2019_08_24_00__1206_pos.png,1.0,1,1
OS_7_05_2019_08_24_00__121_pos.png,1.0,1,1
OS_7_05_2019_08_24_00__122_pos.png,1.0,1,1
OS_7_05_2019_08_24_00__1232_pos.png,1.0,1,1
OS_7_05_2019_08_24_00__1237_pos.png,1.0,1,1
OS_7_05_2019_08_24_00__123_pos.png,1.0,1,1
OS_7_05_2019_08_24_00__1246_pos.png,1.0,1,1
OS_7_05_2019_08_24_00__1251_pos.png,1.0,1,1
OS_7_05_2019_08_24_00__1258_pos.png,1.0,1,1
OS_7_05_2019_08_24_00__125_pos.png,1.0,1,1
OS_7_05_2019_08_24_00__1263_pos.png,1.0,1,1
OS_7_05_2019_08_24_00__126_pos.png,1.0,1,1
OS_7_05_2019_08_24_00__1270_pos.png,1.0,1,1
OS_7_05_2019_08_24_00__1271_pos.png,1.0,1,1
OS_7_05_2019_08_24_00__1279_pos.png,1.0,1,1
OS_7_05_2019_08_24_00__1283_pos.png,1.0,1,1
OS_7_05_2019_08_24_00__128_pos.png,1.0,1,1
OS_7_05_2019_08_24_00__130_pos.png,1.0,1,1
OS_7_05_2019_08_24_00__1310_pos.png,1.0,1,1
OS_7_05_2019_08_24_00__1313_pos.png,1.0,1,1
OS_7_05_2019_08_24_00__1316_pos.png,1.0,1,1
OS_7_05_2019_08_24_00__1321_pos.png,1.0,1,1
OS_7_05_2019_08_24_00__1323_pos.png,1.0,1,1
OS_7_05_2019_08_24_00__1326_pos.png,1.0,1,1
OS_7_05_2019_08_24_00__1331_pos.png,1.0,1,1
OS_7_05_2019_08_24_00__1335_pos.png,1.0,1,1
OS_7_05_2019_08_24_00__133_pos.png,1.0,1,1
OS_7_05_2019_08_24_00__1341_pos.png,1.0,1,1
OS_7_05_2019_08_24_00__1342_pos.png,1.0,1,1
OS_7_05_2019_08_24_00__1344_pos.png,1.0,1,1
OS_7_05_2019_08_24_00__1347_pos.png,1.0,1,1
OS_7_05_2019_08_24_00__1350_pos.png,1.0,1,1
OS_7_05_2019_08_24_00__1352_pos.png,1.0,1,1
OS_7_05_2019_08_24_00__1355_pos.png,1.0,1,1
OS_7_05_2019_08_24_00__1360_pos.png,1.0,1,1
OS_7_05_2019_08_24_00__1363_pos.png,1.0,1,1
OS_7_05_2019_08_24_00__1365_pos.png,1.0,1,1
OS_7_05_2019_08_24_00__1372_pos.png,1.0,1,1
OS_7_05_2019_08_24_00__137_pos.png,1.0,1,1
OS_7_05_2019_08_24_00__1380_pos.png,1.0,1,1
OS_7_05_2019_08_24_00__1382_pos.png,1.0,1,1
OS_7_05_2019_08_24_00__1390_pos.png,1.0,1,1
OS_7_05_2019_08_24_00__1397_pos.png,1.0,1,1
OS_7_05_2019_08_24_00__1403_pos.png,1.0,1,1
OS_7_05_2019_08_24_00__1404_pos.png,1.0,1,1
OS_7_05_2019_08_24_00__140_pos.png,1.0,1,1
OS_7_05_2019_08_24_00__1415_pos.png,1.0,1,1
OS_7_05_2019_08_24_00__1424_pos.png,1.0,1,1
OS_7_05_2019_08_24_00__1437_pos.png,1.0,1,1
OS_7_05_2019_08_24_00__1440_pos.png,1.0,1,1
OS_7_05_2019_08_24_00__1444_pos.png,1.0,1,1
OS_7_05_2019_08_24_00__1445_pos.png,1.0,1,1
OS_7_05_2019_08_24_00__1448_pos.png,1.0,1,1
OS_7_05_2019_08_24_00__1449_pos.png,1.0,1,1
OS_7_05_2019_08_24_00__1453_pos.png,1.0,1,1
OS_7_05_2019_08_24_00__1457_pos.png,1.0,1,1
OS_7_05_2019_08_24_00__145_pos.png,1.0,1,1
OS_7_05_2019_08_24_00__1468_pos.png,1.0,1,1
OS_7_05_2019_08_24_00__146_pos.png,1.0,1,1
OS_7_05_2019_08_24_00__1473_pos.png,1.0,1,1
OS_7_05_2019_08_24_00__1484_pos.png,1.0,1,1
OS_7_05_2019_08_24_00__148_pos.png,1.0,1,1
OS_7_05_2019_08_24_00__1491_pos.png,1.0,1,1
OS_7_05_2019_08_24_00__1501_pos.png,1.0,1,1
OS_7_05_2019_08_24_00__1513_pos.png,1.0,1,1
OS_7_05_2019_08_24_00__1514_pos.png,1.0,1,1
OS_7_05_2019_08_24_00__151_pos.png,1.0,1,1
OS_7_05_2019_08_24_00__1525_pos.png,1.0,1,1
OS_7_05_2019_08_24_00__152_pos.png,1.0,1,1
OS_7_05_2019_08_24_00__1530_pos.png,1.0,1,1
OS_7_05_2019_08_24_00__1533_pos.png,1.0,1,1
OS_7_05_2019_08_24_00__1542_pos.png,1.0,1,1
OS_7_05_2019_08_24_00__1546_pos.png,1.0,1,1
OS_7_05_2019_08_24_00__1548_pos.png,1.0,1,1
OS_7_05_2019_08_24_00__154_pos.png,1.0,1,1
OS_7_05_2019_08_24_00__1552_pos.png,1.0,1,1
OS_7_05_2019_08_24_00__1555_pos.png,1.0,1,1
OS_7_05_2019_08_24_00__1556_pos.png,1.0,1,1
OS_7_05_2019_08_24_00__1568_pos.png,1.0,1,1
OS_7_05_2019_08_24_00__1575_pos.png,1.0,1,1
OS_7_05_2019_08_24_00__158_pos.png,1.0,1,1
OS_7_05_2019_08_24_00__160_pos.png,1.0,1,1
OS_7_05_2019_08_24_00__1622_pos.png,1.0,1,1
OS_7_05_2019_08_24_00__1649_pos.png,1.0,1,1
OS_7_05_2019_08_24_00__1658_pos.png,1.0,1,1
OS_7_05_2019_08_24_00__165_pos.png,1.0,1,1
OS_7_05_2019_08_24_00__1665_pos.png,1.0,1,1
OS_7_05_2019_08_24_00__1668_pos.png,1.0,1,1
OS_7_05_2019_08_24_00__1671_pos.png,1.0,1,1
OS_7_05_2019_08_24_00__1672_pos.png,1.0,1,1
OS_7_05_2019_08_24_00__1673_pos.png,1.0,1,1
OS_7_05_2019_08_24_00__1704_pos.png,1.0,1,1
OS_7_05_2019_08_24_00__1709_pos.png,1.0,1,1
OS_7_05_2019_08_24_00__170_pos.png,1.0,1,1
OS_7_05_2019_08_24_00__1712_pos.png,1.0,1,1
OS_7_05_2019_08_24_00__1715_pos.png,1.0,1,1
OS_7_05_2019_08_24_00__1716_pos.png,1.0,1,1
OS_7_05_2019_08_24_00__1718_pos.png,1.0,1,1
OS_7_05_2019_08_24_00__1722_pos.png,1.0,1,1
OS_7_05_2019_08_24_00__1736_pos.png,1.0,1,1
OS_7_05_2019_08_24_00__173_pos.png,1.0,1,1
OS_7_05_2019_08_24_00__1743_pos.png,1.0,1,1
OS_7_05_2019_08_24_00__1749_pos.png,1.0,1,1
OS_7_05_2019_08_24_00__1752_pos.png,1.0,1,1
OS_7_05_2019_08_24_00__1764_pos.png,1.0,1,1
OS_7_05_2019_08_24_00__1785_pos.png,1.0,1,1
OS_7_05_2019_08_24_00__1787_pos.png,1.0,1,1
OS_7_05_2019_08_24_00__179_pos.png,1.0,1,1
OS_7_05_2019_08_24_00__182_pos.png,1.0,1,1
OS_7_05_2019_08_24_00__185_pos.png,1.0,1,1
OS_7_05_2019_08_24_00__187_pos.png,1.0,1,1
OS_7_05_2019_08_24_00__189_pos.png,1.0,1,1
OS_7_05_2019_08_24_00__194_pos.png,1.0,1,1
OS_7_05_2019_08_24_00__202_pos.png,1.0,1,1
OS_7_05_2019_08_24_00__213_pos.png,1.0,1,1
OS_7_05_2019_08_24_00__215_pos.png,1.0,1,1
OS_7_05_2019_08_24_00__218_pos.png,1.0,1,1
OS_7_05_2019_08_24_00__220_pos.png,1.0,1,1
OS_7_05_2019_08_24_00__222_pos.png,1.0,1,1
OS_7_05_2019_08_24_00__231_pos.png,1.0,1,1
OS_7_05_2019_08_24_00__232_pos.png,1.0,1,1
OS_7_05_2019_08_24_00__233_pos.png,1.0,1,1
OS_7_05_2019_08_24_00__235_pos.png,1.0,1,1
OS_7_05_2019_08_24_00__236_pos.png,1.0,1,1
OS_7_05_2019_08_24_00__238_pos.png,1.0,1,1
OS_7_05_2019_08_24_00__240_pos.png,1.0,1,1
OS_7_05_2019_08_24_00__242_pos.png,1.0,1,1
OS_7_05_2019_08_24_00__244_pos.png,1.0,1,1
OS_7_05_2019_08_24_00__246_pos.png,1.0,1,1
OS_7_05_2019_08_24_00__249_pos.png,1.0,1,1
OS_7_05_2019_08_24_00__251_pos.png,1.0,1,1
OS_7_05_2019_08_24_00__256_pos.png,1.0,1,1
OS_7_05_2019_08_24_00__265_pos.png,1.0,1,1
OS_7_05_2019_08_24_00__266_pos.png,1.0,1,1
OS_7_05_2019_08_24_00__267_pos.png,1.0,1,1
OS_7_05_2019_08_24_00__268_pos.png,1.0,1,1
OS_7_05_2019_08_24_00__271_pos.png,1.0,1,1
OS_7_05_2019_08_24_00__272_pos.png,1.0,1,1
OS_7_05_2019_08_24_00__273_pos.png,1.0,1,1
OS_7_05_2019_08_24_00__277_pos.png,1.0,1,1
OS_7_05_2019_08_24_00__279_pos.png,1.0,1,1
OS_7_05_2019_08_24_00__285_pos.png,1.0,1,1
OS_7_05_2019_08_24_00__293_pos.png,1.0,1,1
OS_7_05_2019_08_24_00__306_pos.png,1.0,1,1
OS_7_05_2019_08_24_00__309_pos.png,1.0,1,1
OS_7_05_2019_08_24_00__313_pos.png,1.0,1,1
OS_7_05_2019_08_24_00__315_pos.png,1.0,1,1
OS_7_05_2019_08_24_00__317_pos.png,1.0,1,1
OS_7_05_2019_08_24_00__318_pos.png,1.0,1,1
OS_7_05_2019_08_24_00__321_pos.png,1.0,1,1
OS_7_05_2019_08_24_00__322_pos.png,1.0,1,1
OS_7_05_2019_08_24_00__323_pos.png,1.0,1,1
OS_7_05_2019_08_24_00__325_pos.png,1.0,1,1
OS_7_05_2019_08_24_00__329_pos.png,1.0,1,1
OS_7_05_2019_08_24_00__332_pos.png,1.0,1,1
OS_7_05_2019_08_24_00__334_pos.png,1.0,1,1
OS_7_05_2019_08_24_00__335_pos.png,1.0,1,1
OS_7_05_2019_08_24_00__337_pos.png,1.0,1,1
OS_7_05_2019_08_24_00__342_pos.png,1.0,1,1
OS_7_05_2019_08_24_00__347_pos.png,1.0,1,1
OS_7_05_2019_08_24_00__348_pos.png,1.0,1,1
OS_7_05_2019_08_24_00__349_pos.png,1.0,1,1
OS_7_05_2019_08_24_00__353_pos.png,1.0,1,1
OS_7_05_2019_08_24_00__354_pos.png,1.0,1,1
OS_7_05_2019_08_24_00__356_pos.png,1.0,1,1
OS_7_05_2019_08_24_00__360_pos.png,1.0,1,1
OS_7_05_2019_08_24_00__361_pos.png,1.0,1,1
OS_7_05_2019_08_24_00__363_pos.png,1.0,1,1
OS_7_05_2019_08_24_00__379_pos.png,1.0,1,1
OS_7_05_2019_08_24_00__380_pos.png,1.0,1,1
OS_7_05_2019_08_24_00__383_pos.png,1.0,1,1
OS_7_05_2019_08_24_00__384_pos.png,1.0,1,1
OS_7_05_2019_08_24_00__386_pos.png,1.0,1,1
OS_7_05_2019_08_24_00__389_pos.png,1.0,1,1
OS_7_05_2019_08_24_00__391_pos.png,1.0,1,1
OS_7_05_2019_08_24_00__394_pos.png,1.0,1,1
OS_7_05_2019_08_24_00__395_pos.png,1.0,1,1
OS_7_05_2019_08_24_00__397_pos.png,1.0,1,1
OS_7_05_2019_08_24_00__398_pos.png,1.0,1,1
OS_7_05_2019_08_24_00__404_pos.png,1.0,1,1
OS_7_05_2019_08_24_00__406_pos.png,1.0,1,1
OS_7_05_2019_08_24_00__408_pos.png,1.0,1,1
OS_7_05_2019_08_24_00__410_pos.png,1.0,1,1
OS_7_05_2019_08_24_00__412_pos.png,1.0,1,1
OS_7_05_2019_08_24_00__414_pos.png,1.0,1,1
OS_7_05_2019_08_24_00__415_pos.png,1.0,1,1
OS_7_05_2019_08_24_00__416_pos.png,1.0,1,1
OS_7_05_2019_08_24_00__417_pos.png,1.0,1,1
OS_7_05_2019_08_24_00__418_pos.png,1.0,1,1
OS_7_05_2019_08_24_00__420_pos.png,1.0,1,1
OS_7_05_2019_08_24_00__421_pos.png,1.0,1,1
OS_7_05_2019_08_24_00__422_pos.png,1.0,1,1
OS_7_05_2019_08_24_00__425_pos.png,1.0,1,1
OS_7_05_2019_08_24_00__427_pos.png,1.0,1,1
OS_7_05_2019_08_24_00__429_pos.png,1.0,1,1
OS_7_05_2019_08_24_00__430_pos.png,1.0,1,1
OS_7_05_2019_08_24_00__433_pos.png,1.0,1,1
OS_7_05_2019_08_24_00__435_pos.png,1.0,1,1
OS_7_05_2019_08_24_00__437_pos.png,1.0,1,1
OS_7_05_2019_08_24_00__438_pos.png,1.0,1,1
OS_7_05_2019_08_24_00__439_pos.png,1.0,1,1
OS_7_05_2019_08_24_00__442_pos.png,1.0,1,1
OS_7_05_2019_08_24_00__444_pos.png,1.0,1,1
OS_7_05_2019_08_24_00__446_pos.png,1.0,1,1
OS_7_05_2019_08_24_00__448_pos.png,1.0,1,1
OS_7_05_2019_08_24_00__452_pos.png,1.0,1,1
OS_7_05_2019_08_24_00__453_pos.png,1.0,1,1
OS_7_05_2019_08_24_00__461_pos.png,1.0,1,1
OS_7_05_2019_08_24_00__464_pos.png,1.0,1,1
OS_7_05_2019_08_24_00__467_pos.png,1.0,1,1
OS_7_05_2019_08_24_00__468_pos.png,1.0,1,1
OS_7_05_2019_08_24_00__473_pos.png,1.0,1,1
OS_7_05_2019_08_24_00__474_pos.png,1.0,1,1
OS_7_05_2019_08_24_00__481_pos.png,1.0,1,1
OS_7_05_2019_08_24_00__482_pos.png,1.0,1,1
OS_7_05_2019_08_24_00__484_pos.png,1.0,1,1
OS_7_05_2019_08_24_00__485_pos.png,1.0,1,1
OS_7_05_2019_08_24_00__486_pos.png,1.0,1,1
OS_7_05_2019_08_24_00__488_pos.png,1.0,1,1
OS_7_05_2019_08_24_00__491_pos.png,1.0,1,1
OS_7_05_2019_08_24_00__494_pos.png,1.0,1,1
OS_7_05_2019_08_24_00__496_pos.png,1.0,1,1
OS_7_05_2019_08_24_00__500_pos.png,1.0,1,1
OS_7_05_2019_08_24_00__503_pos.png,1.0,1,1
OS_7_05_2019_08_24_00__504_pos.png,1.0,1,1
OS_7_05_2019_08_24_00__505_pos.png,1.0,1,1
OS_7_05_2019_08_24_00__506_pos.png,1.0,1,1
OS_7_05_2019_08_24_00__507_pos.png,1.0,1,1
OS_7_05_2019_08_24_00__508_pos.png,1.0,1,1
OS_7_05_2019_08_24_00__512_pos.png,1.0,1,1
OS_7_05_2019_08_24_00__516_pos.png,1.0,1,1
OS_7_05_2019_08_24_00__519_pos.png,1.0,1,1
OS_7_05_2019_08_24_00__521_pos.png,1.0,1,1
OS_7_05_2019_08_24_00__524_pos.png,1.0,1,1
OS_7_05_2019_08_24_00__527_pos.png,1.0,1,1
OS_7_05_2019_08_24_00__529_pos.png,1.0,1,1
OS_7_05_2019_08_24_00__52_pos.png,1.0,1,1
OS_7_05_2019_08_24_00__532_pos.png,1.0,1,1
OS_7_05_2019_08_24_00__534_pos.png,1.0,1,1
OS_7_05_2019_08_24_00__535_pos.png,1.0,1,1
OS_7_05_2019_08_24_00__536_pos.png,1.0,1,1
OS_7_05_2019_08_24_00__538_pos.png,1.0,1,1
OS_7_05_2019_08_24_00__539_pos.png,1.0,1,1
OS_7_05_2019_08_24_00__540_pos.png,1.0,1,1
OS_7_05_2019_08_24_00__547_pos.png,1.0,1,1
OS_7_05_2019_08_24_00__549_pos.png,1.0,1,1
OS_7_05_2019_08_24_00__54_pos.png,1.0,1,1
OS_7_05_2019_08_24_00__550_pos.png,1.0,1,1
OS_7_05_2019_08_24_00__551_pos.png,1.0,1,1
OS_7_05_2019_08_24_00__552_pos.png,1.0,1,1
OS_7_05_2019_08_24_00__553_pos.png,1.0,1,1
OS_7_05_2019_08_24_00__554_pos.png,1.0,1,1
OS_7_05_2019_08_24_00__555_pos.png,1.0,1,1
OS_7_05_2019_08_24_00__556_pos.png,1.0,1,1
OS_7_05_2019_08_24_00__558_pos.png,1.0,1,1
OS_7_05_2019_08_24_00__560_pos.png,1.0,1,1
OS_7_05_2019_08_24_00__561_pos.png,1.0,1,1
OS_7_05_2019_08_24_00__562_pos.png,1.0,1,1
OS_7_05_2019_08_24_00__566_pos.png,1.0,1,1
OS_7_05_2019_08_24_00__567_pos.png,1.0,1,1
OS_7_05_2019_08_24_00__569_pos.png,1.0,1,1
OS_7_05_2019_08_24_00__571_pos.png,1.0,1,1
OS_7_05_2019_08_24_00__573_pos.png,1.0,1,1
OS_7_05_2019_08_24_00__575_pos.png,1.0,1,1
OS_7_05_2019_08_24_00__576_pos.png,1.0,1,1
OS_7_05_2019_08_24_00__577_pos.png,1.0,1,1
OS_7_05_2019_08_24_00__579_pos.png,1.0,1,1
OS_7_05_2019_08_24_00__580_pos.png,1.0,1,1
OS_7_05_2019_08_24_00__582_pos.png,1.0,1,1
OS_7_05_2019_08_24_00__584_pos.png,1.0,1,1
OS_7_05_2019_08_24_00__586_pos.png,1.0,1,1
OS_7_05_2019_08_24_00__587_pos.png,1.0,1,1
OS_7_05_2019_08_24_00__588_pos.png,1.0,1,1
OS_7_05_2019_08_24_00__590_pos.png,1.0,1,1
OS_7_05_2019_08_24_00__591_pos.png,1.0,1,1
OS_7_05_2019_08_24_00__593_pos.png,1.0,1,1
OS_7_05_2019_08_24_00__595_pos.png,1.0,1,1
OS_7_05_2019_08_24_00__596_pos.png,1.0,1,1
OS_7_05_2019_08_24_00__598_pos.png,1.0,1,1
OS_7_05_2019_08_24_00__599_pos.png,1.0,1,1
OS_7_05_2019_08_24_00__603_pos.png,1.0,1,1
OS_7_05_2019_08_24_00__606_pos.png,1.0,1,1
OS_7_05_2019_08_24_00__608_pos.png,1.0,1,1
OS_7_05_2019_08_24_00__610_pos.png,1.0,1,1
OS_7_05_2019_08_24_00__614_pos.png,1.0,1,1
OS_7_05_2019_08_24_00__629_pos.png,1.0,1,1
OS_7_05_2019_08_24_00__632_pos.png,1.0,1,1
OS_7_05_2019_08_24_00__634_pos.png,1.0,1,1
OS_7_05_2019_08_24_00__637_pos.png,1.0,1,1
OS_7_05_2019_08_24_00__638_pos.png,1.0,1,1
OS_7_05_2019_08_24_00__642_pos.png,1.0,1,1
OS_7_05_2019_08_24_00__644_pos.png,1.0,1,1
OS_7_05_2019_08_24_00__652_pos.png,1.0,1,1
OS_7_05_2019_08_24_00__653_pos.png,1.0,1,1
OS_7_05_2019_08_24_00__654_pos.png,1.0,1,1
OS_7_05_2019_08_24_00__660_pos.png,1.0,1,1
OS_7_05_2019_08_24_00__663_pos.png,1.0,1,1
OS_7_05_2019_08_24_00__666_pos.png,1.0,1,1
OS_7_05_2019_08_24_00__668_pos.png,1.0,1,1
OS_7_05_2019_08_24_00__670_pos.png,1.0,1,1
OS_7_05_2019_08_24_00__672_pos.png,1.0,1,1
OS_7_05_2019_08_24_00__673_pos.png,1.0,1,1
OS_7_05_2019_08_24_00__675_pos.png,1.0,1,1
OS_7_05_2019_08_24_00__677_pos.png,1.0,1,1
OS_7_05_2019_08_24_00__679_pos.png,1.0,1,1
OS_7_05_2019_08_24_00__680_pos.png,1.0,1,1
OS_7_05_2019_08_24_00__683_pos.png,1.0,1,1
OS_7_05_2019_08_24_00__685_pos.png,1.0,1,1
OS_7_05_2019_08_24_00__686_pos.png,1.0,1,1
OS_7_05_2019_08_24_00__693_pos.png,1.0,1,1
OS_7_05_2019_08_24_00__697_pos.png,1.0,1,1
OS_7_05_2019_08_24_00__699_pos.png,1.0,1,1
OS_7_05_2019_08_24_00__69_pos.png,1.0,1,1
OS_7_05_2019_08_24_00__700_pos.png,1.0,1,1
OS_7_05_2019_08_24_00__701_pos.png,1.0,1,1
OS_7_05_2019_08_24_00__703_pos.png,1.0,1,1
OS_7_05_2019_08_24_00__705_pos.png,1.0,1,1
OS_7_05_2019_08_24_00__708_pos.png,1.0,1,1
OS_7_05_2019_08_24_00__709_pos.png,1.0,1,1
OS_7_05_2019_08_24_00__710_pos.png,1.0,1,1
OS_7_05_2019_08_24_00__715_pos.png,1.0,1,1
OS_7_05_2019_08_24_00__718_pos.png,1.0,1,1
OS_7_05_2019_08_24_00__720_pos.png,1.0,1,1
OS_7_05_2019_08_24_00__721_pos.png,1.0,1,1
OS_7_05_2019_08_24_00__724_pos.png,1.0,1,1
OS_7_05_2019_08_24_00__727_pos.png,1.0,1,1
OS_7_05_2019_08_24_00__72_pos.png,1.0,1,1
OS_7_05_2019_08_24_00__730_pos.png,1.0,1,1
OS_7_05_2019_08_24_00__732_pos.png,1.0,1,1
OS_7_05_2019_08_24_00__733_pos.png,1.0,1,1
OS_7_05_2019_08_24_00__737_pos.png,1.0,1,1
OS_7_05_2019_08_24_00__739_pos.png,1.0,1,1
OS_7_05_2019_08_24_00__73_pos.png,1.0,1,1
OS_7_05_2019_08_24_00__740_pos.png,1.0,1,1
OS_7_05_2019_08_24_00__747_pos.png,1.0,1,1
OS_7_05_2019_08_24_00__750_pos.png,1.0,1,1
OS_7_05_2019_08_24_00__754_pos.png,1.0,1,1
OS_7_05_2019_08_24_00__755_pos.png,1.0,1,1
OS_7_05_2019_08_24_00__756_pos.png,1.0,1,1
OS_7_05_2019_08_24_00__757_pos.png,1.0,1,1
OS_7_05_2019_08_24_00__758_pos.png,1.0,1,1
OS_7_05_2019_08_24_00__75_pos.png,1.0,1,1
OS_7_05_2019_08_24_00__760_pos.png,1.0,1,1
OS_7_05_2019_08_24_00__763_pos.png,1.0,1,1
OS_7_05_2019_08_24_00__764_pos.png,1.0,1,1
OS_7_05_2019_08_24_00__766_pos.png,1.0,1,1
OS_7_05_2019_08_24_00__768_pos.png,1.0,1,1
OS_7_05_2019_08_24_00__770_pos.png,1.0,1,1
OS_7_05_2019_08_24_00__773_pos.png,1.0,1,1
OS_7_05_2019_08_24_00__774_pos.png,1.0,1,1
OS_7_05_2019_08_24_00__775_pos.png,1.0,1,1
OS_7_05_2019_08_24_00__776_pos.png,1.0,1,1
OS_7_05_2019_08_24_00__778_pos.png,1.0,1,1
OS_7_05_2019_08_24_00__780_pos.png,1.0,1,1
OS_7_05_2019_08_24_00__782_pos.png,1.0,1,1
OS_7_05_2019_08_24_00__784_pos.png,1.0,1,1
OS_7_05_2019_08_24_00__785_pos.png,1.0,1,1
OS_7_05_2019_08_24_00__788_pos.png,1.0,1,1
OS_7_05_2019_08_24_00__78_pos.png,1.0,1,1
OS_7_05_2019_08_24_00__794_pos.png,1.0,1,1
OS_7_05_2019_08_24_00__800_pos.png,1.0,1,1
OS_7_05_2019_08_24_00__801_pos.png,1.0,1,1
OS_7_05_2019_08_24_00__802_pos.png,1.0,1,1
OS_7_05_2019_08_24_00__804_pos.png,1.0,1,1
OS_7_05_2019_08_24_00__809_pos.png,1.0,1,1
OS_7_05_2019_08_24_00__80_pos.png,1.0,1,1
OS_7_05_2019_08_24_00__813_pos.png,1.0,1,1
OS_7_05_2019_08_24_00__815_pos.png,1.0,1,1
OS_7_05_2019_08_24_00__817_pos.png,1.0,1,1
OS_7_05_2019_08_24_00__819_pos.png,1.0,1,1
OS_7_05_2019_08_24_00__821_pos.png,1.0,1,1
OS_7_05_2019_08_24_00__822_pos.png,1.0,1,1
OS_7_05_2019_08_24_00__823_pos.png,1.0,1,1
OS_7_05_2019_08_24_00__825_pos.png,1.0,1,1
OS_7_05_2019_08_24_00__826_pos.png,1.0,1,1
OS_7_05_2019_08_24_00__827_pos.png,1.0,1,1
OS_7_05_2019_08_24_00__82_pos.png,1.0,1,1
OS_7_05_2019_08_24_00__830_pos.png,1.0,1,1
OS_7_05_2019_08_24_00__831_pos.png,1.0,1,1
OS_7_05_2019_08_24_00__832_pos.png,1.0,1,1
OS_7_05_2019_08_24_00__839_pos.png,1.0,1,1
OS_7_05_2019_08_24_00__841_pos.png,1.0,1,1
OS_7_05_2019_08_24_00__844_pos.png,1.0,1,1
OS_7_05_2019_08_24_00__845_pos.png,1.0,1,1
OS_7_05_2019_08_24_00__846_pos.png,1.0,1,1
OS_7_05_2019_08_24_00__848_pos.png,1.0,1,1
OS_7_05_2019_08_24_00__850_pos.png,1.0,1,1
OS_7_05_2019_08_24_00__852_pos.png,1.0,1,1
OS_7_05_2019_08_24_00__854_pos.png,1.0,1,1
OS_7_05_2019_08_24_00__856_pos.png,1.0,1,1
OS_7_05_2019_08_24_00__859_pos.png,1.0,1,1
OS_7_05_2019_08_24_00__85_pos.png,1.0,1,1
OS_7_05_2019_08_24_00__861_pos.png,1.0,1,1
OS_7_05_2019_08_24_00__864_pos.png,1.0,1,1
OS_7_05_2019_08_24_00__870_pos.png,1.0,1,1
OS_7_05_2019_08_24_00__875_pos.png,1.0,1,1
OS_7_05_2019_08_24_00__877_pos.png,1.0,1,1
OS_7_05_2019_08_24_00__879_pos.png,1.0,1,1
OS_7_05_2019_08_24_00__880_pos.png,1.0,1,1
OS_7_05_2019_08_24_00__883_pos.png,1.0,1,1
OS_7_05_2019_08_24_00__884_pos.png,1.0,1,1
OS_7_05_2019_08_24_00__885_pos.png,1.0,1,1
OS_7_05_2019_08_24_00__886_pos.png,1.0,1,1
OS_7_05_2019_08_24_00__887_pos.png,1.0,1,1
OS_7_05_2019_08_24_00__888_pos.png,1.0,1,1
OS_7_05_2019_08_24_00__889_pos.png,1.0,1,1
OS_7_05_2019_08_24_00__890_pos.png,1.0,1,1
OS_7_05_2019_08_24_00__891_pos.png,1.0,1,1
OS_7_05_2019_08_24_00__898_pos.png,1.0,1,1
OS_7_05_2019_08_24_00__900_pos.png,1.0,1,1
OS_7_05_2019_08_24_00__902_pos.png,1.0,1,1
OS_7_05_2019_08_24_00__904_pos.png,1.0,1,1
OS_7_05_2019_08_24_00__906_pos.png,1.0,1,1
OS_7_05_2019_08_24_00__907_pos.png,1.0,1,1
OS_7_05_2019_08_24_00__909_pos.png,1.0,1,1
OS_7_05_2019_08_24_00__910_pos.png,1.0,1,1
OS_7_05_2019_08_24_00__912_pos.png,1.0,1,1
OS_7_05_2019_08_24_00__914_pos.png,1.0,1,1
OS_7_05_2019_08_24_00__916_pos.png,1.0,1,1
OS_7_05_2019_08_24_00__917_pos.png,1.0,1,1
OS_7_05_2019_08_24_00__918_pos.png,1.0,1,1
OS_7_05_2019_08_24_00__922_pos.png,1.0,1,1
OS_7_05_2019_08_24_00__923_pos.png,1.0,1,1
OS_7_05_2019_08_24_00__924_pos.png,1.0,1,1
OS_7_05_2019_08_24_00__926_pos.png,1.0,1,1
OS_7_05_2019_08_24_00__930_pos.png,1.0,1,1
OS_7_05_2019_08_24_00__931_pos.png,1.0,1,1
OS_7_05_2019_08_24_00__932_pos.png,1.0,1,1
OS_7_05_2019_08_24_00__933_pos.png,1.0,1,1
OS_7_05_2019_08_24_00__938_pos.png,1.0,1,1
OS_7_05_2019_08_24_00__93_pos.png,1.0,1,1
OS_7_05_2019_08_24_00__941_pos.png,1.0,1,1
OS_7_05_2019_08_24_00__945_pos.png,1.0,1,1
OS_7_05_2019_08_24_00__947_pos.png,1.0,1,1
OS_7_05_2019_08_24_00__950_pos.png,1.0,1,1
OS_7_05_2019_08_24_00__952_pos.png,1.0,1,1
OS_7_05_2019_08_24_00__954_pos.png,1.0,1,1
OS_7_05_2019_08_24_00__95_pos.png,1.0,1,1
OS_7_05_2019_08_24_00__960_pos.png,1.0,1,1
OS_7_05_2019_08_24_00__965_pos.png,1.0,1,1
OS_7_05_2019_08_24_00__967_pos.png,1.0,1,1
OS_7_05_2019_08_24_00__96_pos.png,1.0,1,1
OS_7_05_2019_08_24_00__982_pos.png,1.0,1,1
OS_7_05_2019_08_24_00__987_pos.png,1.0,1,1
OS_7_05_2019_08_24_00__989_pos.png,1.0,1,1
OS_7_05_2019_08_24_00__98_pos.png,1.0,1,1
OS_7_05_2019_08_24_00__992_pos.png,1.0,1,1
OS_7_05_2019_08_24_00__993_pos.png,1.0,1,1
OS_7_05_2019_08_24_00__998_pos.png,1.0,1,1
OS_7_05_2019_08_24_00__999_pos.png,1.0,1,1
OS_7_05_2019_08_24_00__99_pos.png,1.0,1,1
OS_9_27_2017_08_14_00__0001_11_pos.png,1.0,1,1
OS_9_27_2017_08_14_00__0001_15_pos.png,1.0,1,1
OS_9_27_2017_08_14_00__0001_53_pos.png,1.0,1,1
OS_9_27_2017_08_14_00__0001_59_pos.png,1.0,1,1
OS_9_27_2017_08_19_00__0002_23_pos.png,1.0,1,1
OS_9_27_2017_08_19_00__0002_29_pos.png,1.0,1,1
OS_9_27_2017_08_19_00__0002_50_pos.png,1.0,1,1
OS_9_27_2017_08_19_00__0002_6_pos.png,1.0,1,1
OS_9_27_2017_08_25_00__0003_20_pos.png,1.0,1,1
OS_9_27_2017_08_25_00__0003_22_pos.png,1.0,1,1
OS_9_27_2017_08_25_00__0003_41_pos.png,1.0,1,1
OS_9_27_2017_08_25_00__0003_43_pos.png,1.0,1,1
OS_9_27_2017_08_25_00__0003_52_pos.png,1.0,1,1
OS_9_27_2017_08_25_00__0003_54_pos.png,1.0,1,1
OS_9_27_2017_08_25_00__0003_56_pos.png,1.0,1,1
OS_9_27_2017_08_25_00__0003_60_pos.png,1.0,1,1
OS_9_27_2017_08_25_00__0004_0_pos.png,1.0,1,1
OS_9_27_2017_08_25_00__0004_16_pos.png,1.0,1,1
OS_9_27_2017_08_25_00__0004_18_pos.png,1.0,1,1
OS_9_27_2017_08_25_00__0004_20_pos.png,1.0,1,1
OS_9_27_2017_08_25_00__0004_23_pos.png,1.0,1,1
OS_9_27_2017_08_25_00__0004_28_pos.png,1.0,1,1
OS_9_27_2017_08_25_00__0004_2_pos.png,1.0,1,1
OS_9_27_2017_08_25_00__0004_30_pos.png,1.0,1,1
OS_9_27_2017_08_25_00__0004_31_pos.png,1.0,1,1
OS_9_27_2017_08_25_00__0004_47_pos.png,1.0,1,1
OS_9_27_2017_08_25_00__0004_4_pos.png,1.0,1,1
OS_9_27_2017_08_25_00__0004_51_pos.png,1.0,1,1
OS_9_27_2017_08_25_00__0004_60_pos.png,1.0,1,1
OS_9_27_2017_08_25_00__0004_7_pos.png,1.0,1,1
OS_9_27_2017_08_30_00__0001_10_pos.png,1.0,1,1
OS_9_27_2017_08_30_00__0001_12_pos.png,1.0,1,1
OS_9_27_2017_08_30_00__0001_16_pos.png,1.0,1,1
OS_9_27_2017_08_30_00__0001_17_pos.png,1.0,1,1
OS_9_27_2017_08_30_00__0001_20_pos.png,1.0,1,1
OS_9_27_2017_08_30_00__0001_23_pos.png,1.0,1,1
OS_9_27_2017_08_30_00__0001_33_pos.png,1.0,1,1
OS_9_27_2017_08_30_00__0001_34_pos.png,1.0,1,1
OS_9_27_2017_08_30_00__0001_38_pos.png,1.0,1,1
OS_9_27_2017_08_30_00__0001_46_pos.png,1.0,1,1
OS_9_27_2017_08_30_00__0001_49_pos.png,1.0,1,1
OS_9_27_2017_08_30_00__0001_4_pos.png,1.0,1,1
OS_9_27_2017_08_30_00__0001_54_pos.png,1.0,1,1
OS_9_27_2017_08_30_00__0001_7_pos.png,1.0,1,1
OS_9_27_2017_08_30_00__0002_0_pos.png,1.0,1,1
OS_9_27_2017_08_30_00__0002_12_pos.png,1.0,1,1
OS_9_27_2017_08_30_00__0002_19_pos.png,1.0,1,1
OS_9_27_2017_08_30_00__0002_25_pos.png,1.0,1,1
OS_9_27_2017_08_30_00__0002_5_pos.png,1.0,1,1
OS_9_27_2017_08_30_00__0003_34_pos.png,1.0,1,1
OS_9_27_2017_08_30_00__0003_36_pos.png,1.0,1,1
OS_9_27_2017_08_30_00__0003_49_pos.png,1.0,1,1
OS_9_27_2017_08_35_00__0004_18_pos.png,1.0,1,1
OS_9_27_2017_08_35_00__0004_1_pos.png,1.0,1,1
OS_9_27_2017_08_35_00__0004_22_pos.png,1.0,1,1
OS_9_27_2017_08_35_00__0004_28_pos.png,1.0,1,1
OS_9_27_2017_08_35_00__0004_29_pos.png,1.0,1,1
OS_9_27_2017_08_35_00__0004_32_pos.png,1.0,1,1
OS_9_27_2017_08_35_00__0004_35_pos.png,1.0,1,1
OS_9_27_2017_08_35_00__0004_49_pos.png,1.0,1,1
OS_9_27_2017_08_35_00__0004_51_pos.png,1.0,1,1
OS_9_27_2017_08_35_00__0004_52_pos.png,1.0,1,1
OS_9_27_2017_08_35_00__0004_6_pos.png,1.0,1,1
OS_9_27_2017_08_35_00__0004_9_pos.png,1.0,1,1
OS_9_27_2017_09_02_00__0002_0_pos.png,1.0,1,1
OS_9_27_2017_09_02_00__0002_10_pos.png,1.0,1,1
OS_9_27_2017_09_02_00__0002_12_pos.png,1.0,1,1
OS_9_27_2017_09_02_00__0002_14_pos.png,1.0,1,1
OS_9_27_2017_09_02_00__0002_16_pos.png,1.0,1,1
OS_9_27_2017_09_02_00__0002_18_pos.png,1.0,1,1
OS_9_27_2017_09_02_00__0002_20_pos.png,1.0,1,1
OS_9_27_2017_09_02_00__0002_22_pos.png,1.0,1,1
OS_9_27_2017_09_02_00__0002_24_pos.png,1.0,1,1
OS_9_27_2017_09_02_00__0002_25_pos.png,1.0,1,1
OS_9_27_2017_09_02_00__0002_27_pos.png,1.0,1,1
OS_9_27_2017_09_02_00__0002_29_pos.png,1.0,1,1
OS_9_27_2017_09_02_00__0002_31_pos.png,1.0,1,1
OS_9_27_2017_09_02_00__0002_35_pos.png,1.0,1,1
OS_9_27_2017_09_02_00__0002_37_pos.png,1.0,1,1
OS_9_27_2017_09_02_00__0002_39_pos.png,1.0,1,1
OS_9_27_2017_09_02_00__0002_3_pos.png,1.0,1,1
OS_9_27_2017_09_02_00__0002_41_pos.png,1.0,1,1
OS_9_27_2017_09_02_00__0002_42_pos.png,1.0,1,1
OS_9_27_2017_09_02_00__0002_44_pos.png,1.0,1,1
OS_9_27_2017_09_02_00__0002_45_pos.png,1.0,1,1
OS_9_27_2017_09_02_00__0002_47_pos.png,1.0,1,1
OS_9_27_2017_09_02_00__0002_49_pos.png,1.0,1,1
OS_9_27_2017_09_02_00__0002_51_pos.png,1.0,1,1
OS_9_27_2017_09_02_00__0002_53_pos.png,1.0,1,1
OS_9_27_2017_09_02_00__0002_55_pos.png,1.0,1,1
OS_9_27_2017_09_02_00__0002_57_pos.png,1.0,1,1
OS_9_27_2017_09_02_00__0002_5_pos.png,1.0,1,1
OS_9_27_2017_09_02_00__0002_7_pos.png,1.0,1,1
OS_9_27_2017_09_34_00__0002_15_pos.png,1.0,1,1
OS_9_27_2017_09_34_00__0002_20_pos.png,1.0,1,1
OS_9_27_2017_09_34_00__0002_22_pos.png,1.0,1,1
OS_9_27_2017_09_34_00__0002_25_pos.png,1.0,1,1
OS_9_27_2017_09_34_00__0002_4_pos.png,1.0,1,1
OS_9_27_2017_09_34_00__0002_50_pos.png,1.0,1,1
OS_9_27_2017_09_34_00__0002_6_pos.png,1.0,1,1
rpi-port-townsend_2019_11_14_14_11_00_12_pos.png,1.0,1,1
rpi-port-townsend_2019_11_14_14_11_00_17_pos.png,1.0,1,1
rpi-port-townsend_2019_11_14_14_11_00_20_pos.png,1.0,1,1
rpi-port-townsend_2019_11_14_14_11_00_23_pos.png,1.0,1,1
rpi-port-townsend_2019_11_14_14_11_00_27_pos.png,1.0,1,1
rpi-port-townsend_2019_11_14_14_11_00_29_pos.png,1.0,1,1
rpi-port-townsend_2019_11_14_14_11_00_2_pos.png,1.0,1,1
rpi-port-townsend_2019_11_14_14_11_00_32_pos.png,1.0,0,0
rpi-port-townsend_2019_11_14_14_11_00_41_pos.png,1.0,1,1
rpi-port-townsend_2019_11_14_14_11_00_49_pos.png,1.0,1,1
rpi-port-townsend_2019_11_14_14_11_00_52_pos.png,1.0,1,1
rpi-port-townsend_2019_11_14_14_11_00_57_pos.png,1.0,1,1
rpi-port-townsend_2019_11_14_14_11_00_58_pos.png,1.0,1,1
rpi-port-townsend_2019_11_14_14_11_00_6_pos.png,1.0,1,1
rpi-port-townsend_2019_11_14_14_15_00_0_pos.png,1.0,1,1
rpi-port-townsend_2019_11_14_14_15_00_12_pos.png,1.0,1,1
rpi-port-townsend_2019_11_14_14_15_00_17_pos.png,1.0,1,1
rpi-port-townsend_2019_11_14_14_15_00_21_pos.png,1.0,1,1
rpi-port-townsend_2019_11_14_14_15_00_23_pos.png,1.0,1,1
rpi-port-townsend_2019_11_14_14_15_00_25_pos.png,1.0,1,1
rpi-port-townsend_2019_11_14_14_15_00_2_pos.png,1.0,1,1
rpi-port-townsend_2019_11_14_14_15_00_4_pos.png,1.0,1,1
rpi-port-townsend_2019_11_14_14_15_00_6_pos.png,1.0,1,1
streaming-orcasound-net_2019_11_14_13_02_00_53_pos.png,1.0,1,1
streaming-orcasound-net_2019_11_14_13_02_00_57_pos.png,1.0,1,1
streaming-orcasound-net_2019_11_14_13_03_00_3_pos.png,1.0,1,1
streaming-orcasound-net_2019_11_14_13_03_00_7_pos.png,1.0,1,1
streaming-orcasound-net_2019_11_14_13_09_00_38_pos.png,1.0,0,0
streaming-orcasound-net_2019_11_14_13_12_00_28_pos.png,1.0,0,0
streaming-orcasound-net_2019_11_14_13_17_00_34_pos.png,1.0,1,1
streaming-orcasound-net_2019_11_14_13_17_00_38_pos.png,1.0,1,1
streaming-orcasound-net_2019_11_14_13_17_00_41_pos.png,1.0,1,1
streaming-orcasound-net_2019_11_14_13_18_00_29_pos.png,1.0,1,1
streaming-orcasound-net_2019_11_14_13_18_00_36_pos.png,1.0,1,1
streaming-orcasound-net_2019_11_14_13_18_00_41_pos.png,1.0,1,1
streaming-orcasound-net_2019_11_14_13_19_00_23_pos.png,1.0,1,1
streaming-orcasound-net_2019_11_14_13_19_00_26_pos.png,1.0,1,1
streaming-orcasound-net_2019_11_14_13_19_00_29_pos.png,1.0,1,1
streaming-orcasound-net_2019_11_14_13_23_00_1_pos.png,1.0,1,1
streaming-orcasound-net_2019_11_14_13_24_00_39_pos.png,1.0,1,1
streaming-orcasound-net_2019_11_14_13_24_00_46_pos.png,1.0,1,1
streaming-orcasound-net_2019_11_14_13_25_00_46_pos.png,1.0,1,1
streaming-orcasound-net_2019_11_14_13_25_00_54_pos.png,1.0,1,1
streaming-orcasound-net_2019_11_14_13_25_00_57_pos.png,1.0,1,1
streaming-orcasound-net_2019_11_14_13_26_00_4_pos.png,1.0,1,1
streaming-orcasound-net_2019_11_14_13_26_00_56_pos.png,1.0,1,1
streaming-orcasound-net_2019_11_14_13_26_00_7_pos.png,1.0,1,1
streaming-orcasound-net_2019_11_14_13_55_00_41_pos.png,1.0,1,1
streaming-orcasound-net_2019_11_14_13_55_00_4_pos.png,1.0,1,1
streaming-orcasound-net_2019_11_14_13_57_00_0_pos.png,1.0,1,1
streaming-orcasound-net_2019_11_14_13_57_00_21_pos.png,1.0,0,0
streaming-orcasound-net_2019_11_14_13_57_00_23_pos.png,1.0,0,0
streaming-orcasound-net_2019_11_14_13_57_00_30_pos.png,1.0,0,0
streaming-orcasound-net_2019_11_14_13_57_00_36_pos.png,1.0,1,1
streaming-orcasound-net_2019_11_14_13_57_00_40_pos.png,1.0,1,1
streaming-orcasound-net_2019_11_14_13_57_00_46_pos.png,1.0,0,0
streaming-orcasound-net_2019_11_14_13_57_00_49_pos.png,1.0,1,1
streaming-orcasound-net_2019_11_14_13_57_00_51_pos.png,1.0,0,0
streaming-orcasound-net_2019_11_14_13_57_00_53_pos.png,1.0,0,0
streaming-orcasound-net_2019_11_14_13_57_00_56_pos.png,1.0,1,1
streaming-orcasound-net_2019_11_14_13_57_00_9_pos.png,1.0,1,1
streaming-orcasound-net_2019_11_14_13_58_00_0_pos.png,1.0,1,1
streaming-orcasound-net_2019_11_14_13_58_00_10_pos.png,1.0,1,1
streaming-orcasound-net_2019_11_14_13_58_00_11_pos.png,1.0,0,0
streaming-orcasound-net_2019_11_14_13_58_00_13_pos.png,1.0,1,1
streaming-orcasound-net_2019_11_14_13_58_00_19_pos.png,1.0,1,1
streaming-orcasound-net_2019_11_14_13_58_00_1_pos.png,1.0,1,1
streaming-orcasound-net_2019_11_14_13_58_00_25_pos.png,1.0,1,1
streaming-orcasound-net_2019_11_14_13_58_00_29_pos.png,1.0,0,0
streaming-orcasound-net_2019_11_14_13_58_00_36_pos.png,1.0,1,1
streaming-orcasound-net_2019_11_14_13_58_00_3_pos.png,1.0,0,0
streaming-orcasound-net_2019_11_14_13_58_00_41_pos.png,1.0,1,1
streaming-orcasound-net_2019_11_14_13_58_00_43_pos.png,1.0,1,1
streaming-orcasound-net_2019_11_14_13_58_00_46_pos.png,1.0,1,1
streaming-orcasound-net_2019_11_14_13_58_00_49_pos.png,1.0,1,1
streaming-orcasound-net_2019_11_14_13_58_00_57_pos.png,1.0,1,1
streaming-orcasound-net_2019_11_14_13_58_00_6_pos.png,1.0,0,0
streaming-orcasound-net_2019_11_14_13_59_00_0_pos.png,1.0,1,1
streaming-orcasound-net_2019_11_14_13_59_00_28_pos.png,1.0,1,1
streaming-orcasound-net_2019_11_14_14_04_00_12_pos.png,1.0,1,1
streaming-orcasound-net_2019_11_14_14_04_00_16_pos.png,1.0,1,1
streaming-orcasound-net_2019_11_14_14_04_00_31_pos.png,1.0,1,1
streaming-orcasound-net_2019_11_14_14_04_00_47_pos.png,1.0,1,1
streaming-orcasound-net_2019_11_14_14_04_00_49_pos.png,1.0,1,1
streaming-orcasound-net_2019_11_14_14_04_00_53_pos.png,1.0,1,1
streaming-orcasound-net_2019_11_14_14_04_00_56_pos.png,1.0,1,1
streaming-orcasound-net_2019_11_14_14_04_00_58_pos.png,1.0,1,1
streaming-orcasound-net_2019_11_14_14_04_00_7_pos.png,1.0,1,1
streaming-orcasound-net_2019_11_14_14_05_00_0_pos.png,1.0,1,1
streaming-orcasound-net_2019_11_14_14_05_00_12_pos.png,1.0,1,1
streaming-orcasound-net_2019_11_14_14_05_00_16_pos.png,1.0,1,1
streaming-orcasound-net_2019_11_14_14_05_00_19_pos.png,1.0,1,1
streaming-orcasound-net_2019_11_14_14_05_00_25_pos.png,1.0,1,1
streaming-orcasound-net_2019_11_14_14_05_00_27_pos.png,1.0,1,1
streaming-orcasound-net_2019_11_14_14_05_00_32_pos.png,1.0,1,1
streaming-orcasound-net_2019_11_14_14_05_00_3_pos.png,1.0,1,1
streaming-orcasound-net_2019_11_14_14_05_00_45_pos.png,1.0,1,1
streaming-orcasound-net_2019_11_14_14_05_00_48_pos.png,1.0,1,1
streaming-orcasound-net_2019_11_14_14_05_00_50_pos.png,1.0,1,1
streaming-orcasound-net_2019_11_14_14_05_00_52_pos.png,1.0,1,1
streaming-orcasound-net_2019_11_14_14_05_00_54_pos.png,1.0,1,1
streaming-orcasound-net_2019_11_14_14_05_00_7_pos.png,1.0,1,1
streaming-orcasound-net_2019_11_14_14_05_00_9_pos.png,1.0,1,1
streaming-orcasound-net_2019_11_14_14_06_00_10_pos.png,1.0,1,1
streaming-orcasound-net_2019_11_14_14_06_00_12_pos.png,1.0,1,1
streaming-orcasound-net_2019_11_14_14_06_00_14_pos.png,1.0,1,1
streaming-orcasound-net_2019_11_14_14_06_00_1_pos.png,1.0,1,1
streaming-orcasound-net_2019_11_14_14_06_00_25_pos.png,1.0,1,1
streaming-orcasound-net_2019_11_14_14_06_00_30_pos.png,1.0,1,1
streaming-orcasound-net_2019_11_14_14_06_00_32_pos.png,1.0,1,1
streaming-orcasound-net_2019_11_14_14_06_00_36_pos.png,1.0,1,1
streaming-orcasound-net_2019_11_14_14_06_00_5_pos.png,1.0,1,1
streaming-orcasound-net_2019_11_14_14_06_00_8_pos.png,1.0,1,1
streaming-orcasound-net_2019_11_14_14_07_00_12_pos.png,1.0,1,1
streaming-orcasound-net_2019_11_14_14_07_00_27_pos.png,1.0,1,1
streaming-orcasound-net_2019_11_14_14_07_00_30_pos.png,1.0,1,1
streaming-orcasound-net_2019_11_14_14_07_00_34_pos.png,1.0,1,1
streaming-orcasound-net_2019_11_14_14_07_00_9_pos.png,1.0,1,1
streaming-orcasound-net_2019_11_14_14_08_00_12_pos.png,1.0,1,1
streaming-orcasound-net_2019_11_14_14_08_00_16_pos.png,1.0,1,1
streaming-orcasound-net_2019_11_14_14_08_00_19_pos.png,1.0,1,1
streaming-orcasound-net_2019_11_14_14_08_00_31_pos.png,1.0,1,1
streaming-orcasound-net_2019_11_14_14_08_00_44_pos.png,1.0,1,1
streaming-orcasound-net_2019_11_14_14_08_00_9_pos.png,1.0,1,1
streaming-orcasound-net_2019_11_14_14_09_00_15_pos.png,1.0,1,1
OS_9_27_2017_10_28_00__0001_0_neg.png,0.0,1,0
OS_9_27_2017_10_49_00__0003_0_neg.png,0.0,1,0
OS_9_27_2017_11_00_00__0004_0_neg.png,0.0,1,0
OS_9_27_2017_11_05_00__0000_0_neg.png,0.0,1,0
OS_9_27_2017_11_26_00__0000_0_neg.png,0.0,0,1
OS_9_27_2017_11_26_00__0002_0_neg.png,0.0,0,1
OS_9_27_2017_11_32_00__0002_0_neg.png,0.0,1,0
OS_9_27_2017_11_32_00__0003_0_neg.png,0.0,0,1
OS_9_27_2017_11_42_00__0000_0_neg.png,0.0,1,0
OS_9_27_2017_11_53_00__0001_0_neg.png,0.0,1,0
OS_9_27_2017_11_58_00__0003_0_neg.png,0.0,1,0
rpi-port-townsend_2019_11_14_12_33_00_0_neg.png,0.0,0,1
rpi-port-townsend_2019_11_14_12_34_00_0_neg.png,0.0,1,0
rpi-port-townsend_2019_11_14_12_47_00_0_neg.png,0.0,0,1
rpi-port-townsend_2019_11_14_12_48_00_0_neg.png,0.0,1,0
rpi-port-townsend_2019_11_14_12_49_00_0_neg.png,0.0,1,0
rpi-port-townsend_2019_11_14_14_27_00_0_neg.png,0.0,0,1
rpi-port-townsend_2019_11_14_14_28_00_0_neg.png,0.0,0,1
rpi-port-townsend_2019_11_14_14_29_00_0_neg.png,0.0,1,0
streaming-orcasound-net_2019_11_14_12_50_00_0_neg.png,0.0,0,1
streaming-orcasound-net_2019_11_14_12_51_00_0_neg.png,0.0,1,0
streaming-orcasound-net_2019_11_14_12_52_00_0_neg.png,0.0,1,0
streaming-orcasound-net_2019_11_14_12_53_00_0_neg.png,0.0,1,0
streaming-orcasound-net_2019_11_14_12_54_00_0_neg.png,0.0,1,0
streaming-orcasound-net_2019_11_14_12_55_00_0_neg.png,0.0,0,1
streaming-orcasound-net_2019_11_14_12_56_00_0_neg.png,0.0,1,0
streaming-orcasound-net_2019_11_14_12_57_00_0_neg.png,0.0,1,0
streaming-orcasound-net_2019_11_14_12_58_00_0_neg.png,0.0,1,0
streaming-orcasound-net_2019_11_14_12_59_00_0_neg.png,0.0,1,0
streaming-orcasound-net_2019_11_14_13_00_00_0_neg.png,0.0,0,1
streaming-orcasound-net_2019_11_14_13_01_00_0_neg.png,0.0,1,0
streaming-orcasound-net_2019_11_14_13_04_00_0_neg.png,0.0,0,1
streaming-orcasound-net_2019_11_14_13_05_00_0_neg.png,0.0,0,1
streaming-orcasound-net_2019_11_14_13_06_00_0_neg.png,0.0,0,1
streaming-orcasound-net_2019_11_14_13_07_00_0_neg.png,0.0,1,0
streaming-orcasound-net_2019_11_14_13_08_00_0_neg.png,0.0,1,0
streaming-orcasound-net_2019_11_14_13_10_00_0_neg.png,0.0,0,1
streaming-orcasound-net_2019_11_14_13_11_00_0_neg.png,0.0,0,1
streaming-orcasound-net_2019_11_14_13_13_00_0_neg.png,0.0,0,1
streaming-orcasound-net_2019_11_14_13_14_00_0_neg.png,0.0,0,1
streaming-orcasound-net_2019_11_14_13_15_00_0_neg.png,0.0,1,0
streaming-orcasound-net_2019_11_14_13_16_00_0_neg.png,0.0,0,1
streaming-orcasound-net_2019_11_14_13_20_00_0_neg.png,0.0,1,0
streaming-orcasound-net_2019_11_14_13_21_00_0_neg.png,0.0,1,0
streaming-orcasound-net_2019_11_14_13_22_00_0_neg.png,0.0,0,1
streaming-orcasound-net_2019_11_14_13_27_00_0_neg.png,0.0,0,1
streaming-orcasound-net_2019_11_14_13_28_00_0_neg.png,0.0,0,1
streaming-orcasound-net_2019_11_14_13_29_00_0_neg.png,0.0,0,1
streaming-orcasound-net_2019_11_14_13_30_00_0_neg.png,0.0,0,1
streaming-orcasound-net_2019_11_14_13_31_00_0_neg.png,0.0,0,1
streaming-orcasound-net_2019_11_14_13_32_00_0_neg.png,0.0,1,0
streaming-orcasound-net_2019_11_14_13_33_00_0_neg.png,0.0,0,1
streaming-orcasound-net_2019_11_14_13_34_00_0_neg.png,0.0,1,0
streaming-orcasound-net_2019_11_14_13_35_00_0_neg.png,0.0,1,0
streaming-orcasound-net_2019_11_14_13_36_00_0_neg.png,0.0,1,0
streaming-orcasound-net_2019_11_14_13_37_00_0_neg.png,0.0,1,0
streaming-orcasound-net_2019_11_14_13_38_00_0_neg.png,0.0,1,0
streaming-orcasound-net_2019_11_14_13_39_00_0_neg.png,0.0,1,0
streaming-orcasound-net_2019_11_14_13_40_00_0_neg.png,0.0,0,1
streaming-orcasound-net_2019_11_14_13_41_00_0_neg.png,0.0,1,0
streaming-orcasound-net_2019_11_14_13_42_00_0_neg.png,0.0,1,0
streaming-orcasound-net_2019_11_14_13_43_00_0_neg.png,0.0,1,0
streaming-orcasound-net_2019_11_14_13_44_00_0_neg.png,0.0,1,0
streaming-orcasound-net_2019_11_14_13_45_00_0_neg.png,0.0,0,1
streaming-orcasound-net_2019_11_14_13_46_00_0_neg.png,0.0,1,0
streaming-orcasound-net_2019_11_14_13_47_00_0_neg.png,0.0,1,0
streaming-orcasound-net_2019_11_14_13_48_00_0_neg.png,0.0,0,1
streaming-orcasound-net_2019_11_14_13_49_00_0_neg.png,0.0,1,0
streaming-orcasound-net_2019_11_14_13_50_00_0_neg.png,0.0,1,0
streaming-orcasound-net_2019_11_14_13_51_00_0_neg.png,0.0,1,0
streaming-orcasound-net_2019_11_14_13_52_00_0_neg.png,0.0,0,1
streaming-orcasound-net_2019_11_14_13_53_00_0_neg.png,0.0,0,1
streaming-orcasound-net_2019_11_14_13_54_00_0_neg.png,0.0,1,0
streaming-orcasound-net_2019_11_14_13_56_00_0_neg.png,0.0,0,1
streaming-orcasound-net_2019_11_14_14_00_00_0_neg.png,0.0,1,0
streaming-orcasound-net_2019_11_14_14_01_00_0_neg.png,0.0,1,0
streaming-orcasound-net_2019_11_14_14_02_00_0_neg.png,0.0,0,1
streaming-orcasound-net_2019_11_14_14_03_00_0_neg.png,0.0,0,1
